[{"model": "tests.test", "pk": 1, "fields": {"topic": null, "title": "Ag", "description": "", "level": 3, "image": "covers/\u0430\u0432\u0430_vaBo2Tb.gif"}}, {"model": "tests.question", "pk": 1, "fields": {"number": 1, "test": 1, "text": "2+3", "description": ""}}, {"model": "tests.question", "pk": 2, "fields": {"number": 2, "test": 1, "text": "2^3", "description": ""}}, {"model": "tests.question", "pk": 3, "fields": {"number": 3, "test": 1, "text": "2*3", "description": ""}}, {"model": "tests.question", "pk": 4, "fields": {"number": 4, "test": 1, "text": "2*0", "description": ""}}, {"model": "tests.variant", "pk": 1, "fields": {"text": "1", "question": 4, "is_correct": false}}, {"model": "tests.variant", "pk": 2, "fields": {"text": "22", "question": 4, "is_correct": false}}, {"model": "tests.variant", "pk": 3, "fields": {"text": "3", "question": 4, "is_correct": false}}, {"model": "tests.variant", "pk": 4, "fields": {"text": "0", "question": 4, "is_correct": true}}, {"model": "tests.variant", "pk": 5, "fields": {"text": "1", "question": 3, "is_correct": false}}, {"model": "tests.variant", "pk": 6, "fields": {"text": "2", "question": 3, "is_correct": false}}, {"model": "tests.variant", "pk": 7, "fields": {"text": "3", "question": 3, "is_correct": false}}, {"model": "tests.variant", "pk": 8, "fields": {"text": "6", "question": 3, "is_correct": true}}, {"model": "tests.variant", "pk": 9, "fields": {"text": "1", "question": 2, "is_correct": false}}, {"model": "tests.variant", "pk": 10, "fields": {"text": "2", "question": 2, "is_correct": false}}, {"model": "tests.variant", "pk": 11, "fields": {"text": "3", "question": 2, "is_correct": false}}, {"model": "tests.variant", "pk": 12, "fields": {"text": "8", "question": 2, "is_correct": true}}, {"model": "tests.variant", "pk": 13, "fields": {"text": "1", "question": 1, "is_correct": false}}, {"model": "tests.variant", "pk": 14, "fields": {"text": "2", "question": 1, "is_correct": false}}, {"model": "tests.variant", "pk": 15, "fields": {"text": "3", "question": 1, "is_correct": false}}, {"model": "tests.variant", "pk": 16, "fields": {"text": "5", "question": 1, "is_correct": true}}, {"model": "tests.testresult", "pk": 9, "fields": {"user": 2, "test": 1, "datetime_run": "2020-07-11T16:14:11.462Z", "is_completed": true, "is_new": false, "avr_score": "3.50"}}, {"model": "tests.testresult", "pk": 13, "fields": {"user": 2, "test": 1, "datetime_run": "2020-07-11T17:09:38.234Z", "is_completed": true, "is_new": false, "avr_score": "2.75"}}, {"model": "tests.testresult", "pk": 14, "fields": {"user": 2, "test": 1, "datetime_run": "2020-07-11T17:14:29.578Z", "is_completed": true, "is_new": false, "avr_score": "3.00"}}, {"model": "tests.testresult", "pk": 18, "fields": {"user": 2, "test": 1, "datetime_run": "2020-07-11T17:29:50.791Z", "is_completed": true, "is_new": false, "avr_score": "3.25"}}, {"model": "tests.testresult", "pk": 19, "fields": {"user": 2, "test": 1, "datetime_run": "2020-07-14T11:04:53.521Z", "is_completed": true, "is_new": false, "avr_score": "2.50"}}, {"model": "tests.testresultdetail", "pk": 117, "fields": {"test_result": 9, "question": 1, "answer": 13, "is_correct": true}}, {"model": "tests.testresultdetail", "pk": 118, "fields": {"test_result": 9, "question": 1, "answer": 14, "is_correct": true}}, {"model": "tests.testresultdetail", "pk": 119, "fields": {"test_result": 9, "question": 1, "answer": 15, "is_correct": true}}, {"model": "tests.testresultdetail", "pk": 120, "fields": {"test_result": 9, "question": 1, "answer": 16, "is_correct": true}}, {"model": "tests.testresultdetail", "pk": 121, "fields": {"test_result": 9, "question": 2, "answer": 9, "is_correct": true}}, {"model": "tests.testresultdetail", "pk": 122, "fields": {"test_result": 9, "question": 2, "answer": 10, "is_correct": true}}, {"model": "tests.testresultdetail", "pk": 123, "fields": {"test_result": 9, "question": 2, "answer": 11, "is_correct": true}}, {"model": "tests.testresultdetail", "pk": 124, "fields": {"test_result": 9, "question": 2, "answer": 12, "is_correct": true}}, {"model": "tests.testresultdetail", "pk": 125, "fields": {"test_result": 9, "question": 3, "answer": 5, "is_correct": true}}, {"model": "tests.testresultdetail", "pk": 126, "fields": {"test_result": 9, "question": 3, "answer": 6, "is_correct": true}}, {"model": "tests.testresultdetail", "pk": 127, "fields": {"test_result": 9, "question": 3, "answer": 7, "is_correct": true}}, {"model": "tests.testresultdetail", "pk": 128, "fields": {"test_result": 9, "question": 3, "answer": 8, "is_correct": true}}, {"model": "tests.testresultdetail", "pk": 129, "fields": {"test_result": 9, "question": 4, "answer": 1, "is_correct": true}}, {"model": "tests.testresultdetail", "pk": 130, "fields": {"test_result": 9, "question": 4, "answer": 2, "is_correct": true}}, {"model": "tests.testresultdetail", "pk": 131, "fields": {"test_result": 9, "question": 4, "answer": 3, "is_correct": false}}, {"model": "tests.testresultdetail", "pk": 132, "fields": {"test_result": 9, "question": 4, "answer": 4, "is_correct": false}}, {"model": "tests.testresultdetail", "pk": 169, "fields": {"test_result": 13, "question": 1, "answer": 13, "is_correct": true}}, {"model": "tests.testresultdetail", "pk": 170, "fields": {"test_result": 13, "question": 1, "answer": 14, "is_correct": false}}, {"model": "tests.testresultdetail", "pk": 171, "fields": {"test_result": 13, "question": 1, "answer": 15, "is_correct": true}}, {"model": "tests.testresultdetail", "pk": 172, "fields": {"test_result": 13, "question": 1, "answer": 16, "is_correct": false}}, {"model": "tests.testresultdetail", "pk": 173, "fields": {"test_result": 13, "question": 2, "answer": 9, "is_correct": true}}, {"model": "tests.testresultdetail", "pk": 174, "fields": {"test_result": 13, "question": 2, "answer": 10, "is_correct": true}}, {"model": "tests.testresultdetail", "pk": 175, "fields": {"test_result": 13, "question": 2, "answer": 11, "is_correct": true}}, {"model": "tests.testresultdetail", "pk": 176, "fields": {"test_result": 13, "question": 2, "answer": 12, "is_correct": true}}, {"model": "tests.testresultdetail", "pk": 177, "fields": {"test_result": 13, "question": 3, "answer": 5, "is_correct": false}}, {"model": "tests.testresultdetail", "pk": 178, "fields": {"test_result": 13, "question": 3, "answer": 6, "is_correct": true}}, {"model": "tests.testresultdetail", "pk": 179, "fields": {"test_result": 13, "question": 3, "answer": 7, "is_correct": true}}, {"model": "tests.testresultdetail", "pk": 180, "fields": {"test_result": 13, "question": 3, "answer": 8, "is_correct": false}}, {"model": "tests.testresultdetail", "pk": 181, "fields": {"test_result": 13, "question": 4, "answer": 1, "is_correct": true}}, {"model": "tests.testresultdetail", "pk": 182, "fields": {"test_result": 13, "question": 4, "answer": 2, "is_correct": true}}, {"model": "tests.testresultdetail", "pk": 183, "fields": {"test_result": 13, "question": 4, "answer": 3, "is_correct": false}}, {"model": "tests.testresultdetail", "pk": 184, "fields": {"test_result": 13, "question": 4, "answer": 4, "is_correct": true}}, {"model": "tests.testresultdetail", "pk": 185, "fields": {"test_result": 13, "question": 4, "answer": 1, "is_correct": true}}, {"model": "tests.testresultdetail", "pk": 186, "fields": {"test_result": 13, "question": 4, "answer": 2, "is_correct": true}}, {"model": "tests.testresultdetail", "pk": 187, "fields": {"test_result": 13, "question": 4, "answer": 3, "is_correct": false}}, {"model": "tests.testresultdetail", "pk": 188, "fields": {"test_result": 13, "question": 4, "answer": 4, "is_correct": true}}, {"model": "tests.testresultdetail", "pk": 189, "fields": {"test_result": 13, "question": 4, "answer": 1, "is_correct": true}}, {"model": "tests.testresultdetail", "pk": 190, "fields": {"test_result": 13, "question": 4, "answer": 2, "is_correct": true}}, {"model": "tests.testresultdetail", "pk": 191, "fields": {"test_result": 13, "question": 4, "answer": 3, "is_correct": false}}, {"model": "tests.testresultdetail", "pk": 192, "fields": {"test_result": 13, "question": 4, "answer": 4, "is_correct": true}}, {"model": "tests.testresultdetail", "pk": 193, "fields": {"test_result": 14, "question": 1, "answer": 13, "is_correct": false}}, {"model": "tests.testresultdetail", "pk": 194, "fields": {"test_result": 14, "question": 1, "answer": 14, "is_correct": true}}, {"model": "tests.testresultdetail", "pk": 195, "fields": {"test_result": 14, "question": 1, "answer": 15, "is_correct": true}}, {"model": "tests.testresultdetail", "pk": 196, "fields": {"test_result": 14, "question": 1, "answer": 16, "is_correct": false}}, {"model": "tests.testresultdetail", "pk": 197, "fields": {"test_result": 14, "question": 2, "answer": 9, "is_correct": true}}, {"model": "tests.testresultdetail", "pk": 198, "fields": {"test_result": 14, "question": 2, "answer": 10, "is_correct": false}}, {"model": "tests.testresultdetail", "pk": 199, "fields": {"test_result": 14, "question": 2, "answer": 11, "is_correct": true}}, {"model": "tests.testresultdetail", "pk": 200, "fields": {"test_result": 14, "question": 2, "answer": 12, "is_correct": false}}, {"model": "tests.testresultdetail", "pk": 201, "fields": {"test_result": 14, "question": 3, "answer": 5, "is_correct": true}}, {"model": "tests.testresultdetail", "pk": 202, "fields": {"test_result": 14, "question": 3, "answer": 6, "is_correct": true}}, {"model": "tests.testresultdetail", "pk": 203, "fields": {"test_result": 14, "question": 3, "answer": 7, "is_correct": true}}, {"model": "tests.testresultdetail", "pk": 204, "fields": {"test_result": 14, "question": 3, "answer": 8, "is_correct": true}}, {"model": "tests.testresultdetail", "pk": 205, "fields": {"test_result": 14, "question": 4, "answer": 1, "is_correct": true}}, {"model": "tests.testresultdetail", "pk": 206, "fields": {"test_result": 14, "question": 4, "answer": 2, "is_correct": true}}, {"model": "tests.testresultdetail", "pk": 207, "fields": {"test_result": 14, "question": 4, "answer": 3, "is_correct": true}}, {"model": "tests.testresultdetail", "pk": 208, "fields": {"test_result": 14, "question": 4, "answer": 4, "is_correct": true}}, {"model": "tests.testresultdetail", "pk": 257, "fields": {"test_result": 18, "question": 1, "answer": 13, "is_correct": true}}, {"model": "tests.testresultdetail", "pk": 258, "fields": {"test_result": 18, "question": 1, "answer": 14, "is_correct": true}}, {"model": "tests.testresultdetail", "pk": 259, "fields": {"test_result": 18, "question": 1, "answer": 15, "is_correct": false}}, {"model": "tests.testresultdetail", "pk": 260, "fields": {"test_result": 18, "question": 1, "answer": 16, "is_correct": true}}, {"model": "tests.testresultdetail", "pk": 261, "fields": {"test_result": 18, "question": 2, "answer": 9, "is_correct": true}}, {"model": "tests.testresultdetail", "pk": 262, "fields": {"test_result": 18, "question": 2, "answer": 10, "is_correct": true}}, {"model": "tests.testresultdetail", "pk": 263, "fields": {"test_result": 18, "question": 2, "answer": 11, "is_correct": true}}, {"model": "tests.testresultdetail", "pk": 264, "fields": {"test_result": 18, "question": 2, "answer": 12, "is_correct": true}}, {"model": "tests.testresultdetail", "pk": 265, "fields": {"test_result": 18, "question": 3, "answer": 5, "is_correct": true}}, {"model": "tests.testresultdetail", "pk": 266, "fields": {"test_result": 18, "question": 3, "answer": 6, "is_correct": true}}, {"model": "tests.testresultdetail", "pk": 267, "fields": {"test_result": 18, "question": 3, "answer": 7, "is_correct": false}}, {"model": "tests.testresultdetail", "pk": 268, "fields": {"test_result": 18, "question": 3, "answer": 8, "is_correct": true}}, {"model": "tests.testresultdetail", "pk": 269, "fields": {"test_result": 18, "question": 4, "answer": 1, "is_correct": true}}, {"model": "tests.testresultdetail", "pk": 270, "fields": {"test_result": 18, "question": 4, "answer": 2, "is_correct": true}}, {"model": "tests.testresultdetail", "pk": 271, "fields": {"test_result": 18, "question": 4, "answer": 3, "is_correct": false}}, {"model": "tests.testresultdetail", "pk": 272, "fields": {"test_result": 18, "question": 4, "answer": 4, "is_correct": true}}, {"model": "tests.testresultdetail", "pk": 273, "fields": {"test_result": 19, "question": 1, "answer": 13, "is_correct": true}}, {"model": "tests.testresultdetail", "pk": 274, "fields": {"test_result": 19, "question": 1, "answer": 14, "is_correct": false}}, {"model": "tests.testresultdetail", "pk": 275, "fields": {"test_result": 19, "question": 1, "answer": 15, "is_correct": true}}, {"model": "tests.testresultdetail", "pk": 276, "fields": {"test_result": 19, "question": 1, "answer": 16, "is_correct": false}}, {"model": "tests.testresultdetail", "pk": 277, "fields": {"test_result": 19, "question": 2, "answer": 9, "is_correct": true}}, {"model": "tests.testresultdetail", "pk": 278, "fields": {"test_result": 19, "question": 2, "answer": 10, "is_correct": false}}, {"model": "tests.testresultdetail", "pk": 279, "fields": {"test_result": 19, "question": 2, "answer": 11, "is_correct": false}}, {"model": "tests.testresultdetail", "pk": 280, "fields": {"test_result": 19, "question": 2, "answer": 12, "is_correct": false}}, {"model": "tests.testresultdetail", "pk": 281, "fields": {"test_result": 19, "question": 3, "answer": 5, "is_correct": true}}, {"model": "tests.testresultdetail", "pk": 282, "fields": {"test_result": 19, "question": 3, "answer": 6, "is_correct": true}}, {"model": "tests.testresultdetail", "pk": 283, "fields": {"test_result": 19, "question": 3, "answer": 7, "is_correct": true}}, {"model": "tests.testresultdetail", "pk": 284, "fields": {"test_result": 19, "question": 3, "answer": 8, "is_correct": true}}, {"model": "tests.testresultdetail", "pk": 285, "fields": {"test_result": 19, "question": 4, "answer": 1, "is_correct": true}}, {"model": "tests.testresultdetail", "pk": 286, "fields": {"test_result": 19, "question": 4, "answer": 2, "is_correct": true}}, {"model": "tests.testresultdetail", "pk": 287, "fields": {"test_result": 19, "question": 4, "answer": 3, "is_correct": false}}, {"model": "tests.testresultdetail", "pk": 288, "fields": {"test_result": 19, "question": 4, "answer": 4, "is_correct": true}}]